true_p,method,replicates,activations,false_activations,activation_rate,wilson95_low,wilson95_high,median_completed_at_decision,median_decision_event,censored,max_completed
0.89,direct,1000,1000,1000,1.0,0.996173241514445,1,0.0,603.0,0,6000
0.89,fixed_repeated,1000,56,56,0.056,0.043374813385442,0.07202334814973096,107.0,923.0,944,6000
0.89,exact_spending,1000,0,0,0.0,0,0.0038267584855551234,,,1000,6000
0.89,paper_hoeffding,1000,0,0,0.0,0,0.0038267584855551234,,,1000,6000
0.899,direct,1000,1000,1000,1.0,0.996173241514445,1,0.0,603.0,0,6000
0.899,fixed_repeated,1000,190,190,0.19,0.1668892700644027,0.2154833201966415,249.0,1349.0,810,6000
0.899,exact_spending,1000,0,0,0.0,0,0.0038267584855551234,,,1000,6000
0.899,paper_hoeffding,1000,0,0,0.0,0,0.0038267584855551234,,,1000,6000
0.98,direct,1000,1000,0,1.0,0.996173241514445,1,0.0,603.0,0,6000
0.98,fixed_repeated,1000,1000,0,1.0,0.996173241514445,1,54.0,764.0,0,6000
0.98,exact_spending,1000,1000,0,1.0,0.996173241514445,1,240.0,1322.0,0,6000
0.98,paper_hoeffding,1000,1000,0,1.0,0.996173241514445,1,1461.0,4985.0,0,6000
